No,Name,Script
0,name1,script1
1,name2,script2
2,name3,script3
3,name4,script4
4,name5,script5
5,name6,script6
6,name7,script7
7,name8,script8
8,name9,script9
9,name10,script10
10,name11,script11
11,name12,script12
12,name13,script13
13,name14,script14
14,name15,script15
15,name16,script16
16,name17,script17
17,name18,script18
18,name19,script19
19,name20,script20
20,name21,script21
21,name22,script22
22,name23,script23
23,name24,script24
24,name25,script25
25,name26,script26
26,name27,script27
27,name28,script28
28,name29,script29
29,name30,script30
30,name31,script31
31,name32,script32
32,name33,script33
33,name34,script34
34,name35,script35
35,name36,script36
